ts,linPos_x,linPos_y,linPos_z,linVel_x,linVel_y,linVel_z,linAcc_x,linAcc_y,linAcc_z,force_x,force_y,force_z,torque_x,torque_y,torque_z,euler_x,euler_y,euler_z,angVel_x,angVel_y,angVel_z,accelerometer_x,accelerometer_y,accelerometer_z,gyroscope_x,gyroscope_y,gyroscope_z,magnetometer_x,magnetometer_y,magnetometer_z
1732841047647.0,0.0,0.0,-20.0,0.0,0.0,0.0,0.0,0.0,0.0,0.0,0.0,0.0,0.0,0.0,0.0,-35.24931716918945,0.0,0.0,-0.1693500131368637,0.0,0.0,0.0,9455.7880859375,-13379.966796875,-1271.7969970703125,0.0,0.0,45.0,0.0,0.0
1732841047680.0,0.0,0.0,-20.0,0.0,0.0,0.0,0.0,0.0,0.0,0.0,0.0,0.0,0.0,0.0,0.0,-35.44337844848633,0.0,0.0,-0.16273215413093567,0.0,0.0,0.0,9501.0517578125,-13347.8642578125,-1222.09765625,0.0,0.0,45.0,0.0,0.0
1732841047697.0,0.0,0.0,-20.0,0.0,0.0,0.0,0.0,0.0,0.0,0.0,0.0,0.0,0.0,0.0,0.0,-35.629859924316406,0.0,0.0,-0.15928687155246735,0.0,0.0,0.0,9544.4443359375,-13316.87109375,-1196.2239990234375,0.0,0.0,45.0,0.0,0.0
1732841047713.0,0.0,0.0,-20.0,0.0,0.0,0.0,0.0,0.0,0.0,0.0,0.0,0.0,0.0,0.0,0.0,-35.81238555908203,0.0,0.0,-0.1558721661567688,0.0,0.0,0.0,9586.8193359375,-13286.3974609375,-1170.580078125,0.0,0.0,45.0,0.0,0.0
1732841047730.0,0.0,0.0,-20.0,0.0,0.0,0.0,0.0,0.0,0.0,0.0,0.0,0.0,0.0,0.0,0.0,-35.991004943847656,0.0,0.0,-0.15232494473457336,0.0,0.0,0.0,9628.1923828125,-13256.4462890625,-1143.94091796875,0.0,0.0,45.0,0.0,0.0
1732841047746.0,0.0,0.0,-20.0,0.0,0.0,0.0,0.0,0.0,0.0,0.0,0.0,0.0,0.0,0.0,0.0,-36.16555404663086,0.0,0.0,-0.14887678623199463,0.0,0.0,0.0,9668.533203125,-13227.052734375,-1118.045654296875,0.0,0.0,45.0,0.0,0.0
1732841047780.0,0.0,0.0,-20.0,0.0,0.0,0.0,0.0,0.0,0.0,0.0,0.0,0.0,0.0,0.0,0.0,-36.336151123046875,0.0,0.0,-0.14170341193675995,0.0,0.0,0.0,9707.8740234375,-13198.2060546875,-1064.174560546875,0.0,0.0,45.0,0.0,0.0
1732841047796.0,0.0,0.0,-20.0,0.0,0.0,0.0,0.0,0.0,0.0,0.0,0.0,0.0,0.0,0.0,0.0,-36.498531341552734,0.0,0.0,-0.1380571871995926,0.0,0.0,0.0,9745.2392578125,-13170.640625,-1036.7918701171875,0.0,0.0,45.0,0.0,0.0
1732841047813.0,0.0,0.0,-20.0,0.0,0.0,0.0,0.0,0.0,0.0,0.0,0.0,0.0,0.0,0.0,0.0,-36.6567268371582,0.0,0.0,-0.13438622653484344,0.0,0.0,0.0,9781.56640625,-13143.68359375,-1009.223388671875,0.0,0.0,45.0,0.0,0.0
1732841047830.0,0.0,0.0,-20.0,0.0,0.0,0.0,0.0,0.0,0.0,0.0,0.0,0.0,0.0,0.0,0.0,-36.810726165771484,0.0,0.0,-0.1306508332490921,0.0,0.0,0.0,9816.8583984375,-13117.3447265625,-981.1710815429688,0.0,0.0,45.0,0.0,0.0
1732841047846.0,0.0,0.0,-20.0,0.0,0.0,0.0,0.0,0.0,0.0,0.0,0.0,0.0,0.0,0.0,0.0,-36.96044158935547,0.0,0.0,-0.12690654397010803,0.0,0.0,0.0,9851.1005859375,-13091.6484375,-953.0519409179688,0.0,0.0,45.0,0.0,0.0
1732841047880.0,0.0,0.0,-20.0,0.0,0.0,0.0,0.0,0.0,0.0,0.0,0.0,0.0,0.0,0.0,0.0,-37.105865478515625,0.0,0.0,-0.1192014291882515,0.0,0.0,0.0,9884.2978515625,-13066.603515625,-895.1875,0.0,0.0,45.0,0.0,0.0
1732841047897.0,0.0,0.0,-20.0,0.0,0.0,0.0,0.0,0.0,0.0,0.0,0.0,0.0,0.0,0.0,0.0,-37.242462158203125,0.0,0.0,-0.11536860466003418,0.0,0.0,0.0,9915.4208984375,-13043.0009765625,-866.4035034179688,0.0,0.0,45.0,0.0,0.0
1732841047930.0,0.0,0.0,-20.0,0.0,0.0,0.0,0.0,0.0,0.0,0.0,0.0,0.0,0.0,0.0,0.0,-37.502403259277344,0.0,0.0,-0.10756603628396988,0.0,0.0,0.0,9974.4921875,-12997.8828125,-807.8071899414062,0.0,0.0,45.0,0.0,0.0
1732841047930.0,0.0,0.0,-20.0,0.0,0.0,0.0,0.0,0.0,0.0,0.0,0.0,0.0,0.0,0.0,0.0,-37.502403259277344,0.0,0.0,-0.10756603628396988,0.0,0.0,0.0,9974.4921875,-12997.8828125,-807.8071899414062,0.0,0.0,45.0,0.0,0.0
1732841047947.0,0.0,0.0,-20.0,0.0,0.0,0.0,0.0,0.0,0.0,0.0,0.0,0.0,0.0,0.0,0.0,-37.62565994262695,0.0,0.0,-0.1035250872373581,0.0,0.0,0.0,10002.4306640625,-12976.39453125,-777.460205078125,0.0,0.0,45.0,0.0,0.0
1732841047980.0,0.0,0.0,-20.0,0.0,0.0,0.0,0.0,0.0,0.0,0.0,0.0,0.0,0.0,0.0,0.0,-37.74429702758789,0.0,0.0,-0.09561966359615326,0.0,0.0,0.0,10029.2783203125,-12955.65625,-718.0914306640625,0.0,0.0,45.0,0.0,0.0
1732841048013.0,0.0,0.0,-20.0,0.0,0.0,0.0,0.0,0.0,0.0,0.0,0.0,0.0,0.0,0.0,0.0,-37.95879364013672,0.0,0.0,-0.08744620531797409,0.0,0.0,0.0,10077.7099609375,-12918.01953125,-656.7098388671875,0.0,0.0,45.0,0.0,0.0
1732841048030.0,0.0,0.0,-20.0,0.0,0.0,0.0,0.0,0.0,0.0,0.0,0.0,0.0,0.0,0.0,0.0,-38.058998107910156,0.0,0.0,-0.08340438455343246,0.0,0.0,0.0,10100.287109375,-12900.3740234375,-626.3562622070312,0.0,0.0,45.0,0.0,0.0
1732841048047.0,0.0,0.0,-20.0,0.0,0.0,0.0,0.0,0.0,0.0,0.0,0.0,0.0,0.0,0.0,0.0,-38.15457534790039,0.0,0.0,-0.07927953451871872,0.0,0.0,0.0,10121.79296875,-12883.5078125,-595.379150390625,0.0,0.0,45.0,0.0,0.0
1732841048063.0,0.0,0.0,-20.0,0.0,0.0,0.0,0.0,0.0,0.0,0.0,0.0,0.0,0.0,0.0,0.0,-38.24542236328125,0.0,0.0,-0.07514768093824387,0.0,0.0,0.0,10142.20703125,-12867.443359375,-564.3494873046875,0.0,0.0,45.0,0.0,0.0
1732841048097.0,0.0,0.0,-20.0,0.0,0.0,0.0,0.0,0.0,0.0,0.0,0.0,0.0,0.0,0.0,0.0,-38.33153533935547,0.0,0.0,-0.0667765885591507,0.0,0.0,0.0,10161.53515625,-12852.1845703125,-501.483642578125,0.0,0.0,45.0,0.0,0.0
1732841048114.0,0.0,0.0,-20.0,0.0,0.0,0.0,0.0,0.0,0.0,0.0,0.0,0.0,0.0,0.0,0.0,-38.408058166503906,0.0,0.0,-0.06257003545761108,0.0,0.0,0.0,10178.69140625,-12838.6015625,-469.8929748535156,0.0,0.0,45.0,0.0,0.0
1732841048130.0,0.0,0.0,-20.0,0.0,0.0,0.0,0.0,0.0,0.0,0.0,0.0,0.0,0.0,0.0,0.0,-38.479759216308594,0.0,0.0,-0.058376867324113846,0.0,0.0,0.0,10194.7490234375,-12825.8544921875,-438.40283203125,0.0,0.0,45.0,0.0,0.0
1732841048147.0,0.0,0.0,-20.0,0.0,0.0,0.0,0.0,0.0,0.0,0.0,0.0,0.0,0.0,0.0,0.0,-38.546653747558594,0.0,0.0,-0.05412110313773155,0.0,0.0,0.0,10209.716796875,-12813.9423828125,-406.44256591796875,0.0,0.0,45.0,0.0,0.0
1732841048164.0,0.0,0.0,-20.0,0.0,0.0,0.0,0.0,0.0,0.0,0.0,0.0,0.0,0.0,0.0,0.0,-38.60866928100586,0.0,0.0,-0.049896761775016785,0.0,0.0,0.0,10223.5810546875,-12802.8837890625,-374.71832275390625,0.0,0.0,45.0,0.0,0.0
1732841048197.0,0.0,0.0,-20.0,0.0,0.0,0.0,0.0,0.0,0.0,0.0,0.0,0.0,0.0,0.0,0.0,-38.66585159301758,0.0,0.0,-0.0414079912006855,0.0,0.0,0.0,10236.3525390625,-12792.6748046875,-310.9687194824219,0.0,0.0,45.0,0.0,0.0
1732841048213.0,0.0,0.0,-20.0,0.0,0.0,0.0,0.0,0.0,0.0,0.0,0.0,0.0,0.0,0.0,0.0,-38.71330261230469,0.0,0.0,-0.03711452707648277,0.0,0.0,0.0,10246.9443359375,-12784.1923828125,-278.7253723144531,0.0,0.0,45.0,0.0,0.0
1732841048247.0,0.0,0.0,-20.0,0.0,0.0,0.0,0.0,0.0,0.0,0.0,0.0,0.0,0.0,0.0,0.0,-38.7934455871582,0.0,0.0,-0.02849765308201313,0.0,0.0,0.0,10264.81640625,-12769.84765625,-214.01373291015625,0.0,0.0,45.0,0.0,0.0
1732841048247.0,0.0,0.0,-20.0,0.0,0.0,0.0,0.0,0.0,0.0,0.0,0.0,0.0,0.0,0.0,0.0,-38.7934455871582,0.0,0.0,-0.02849765308201313,0.0,0.0,0.0,10264.81640625,-12769.84765625,-214.01373291015625,0.0,0.0,45.0,0.0,0.0
1732841048264.0,0.0,0.0,-20.0,0.0,0.0,0.0,0.0,0.0,0.0,0.0,0.0,0.0,0.0,0.0,0.0,-38.82610321044922,0.0,0.0,-0.024176660925149918,0.0,0.0,0.0,10272.09375,-12763.994140625,-181.56362915039062,0.0,0.0,45.0,0.0,0.0
1732841048314.0,0.0,0.0,-20.0,0.0,0.0,0.0,0.0,0.0,0.0,0.0,0.0,0.0,0.0,0.0,0.0,-38.87160110473633,0.0,0.0,-0.011193791404366493,0.0,0.0,0.0,10282.2255859375,-12755.833984375,-84.0639419555664,0.0,0.0,45.0,0.0,0.0
1732841048331.0,0.0,0.0,-20.0,0.0,0.0,0.0,0.0,0.0,0.0,0.0,0.0,0.0,0.0,0.0,0.0,-38.88442611694336,0.0,0.0,-0.006837182212620974,0.0,0.0,0.0,10285.0810546875,-12753.53125,-51.34636688232422,0.0,0.0,45.0,0.0,0.0
1732841048347.0,0.0,0.0,-20.0,0.0,0.0,0.0,0.0,0.0,0.0,0.0,0.0,0.0,0.0,0.0,0.0,-38.89226531982422,0.0,0.0,-0.0025737546384334564,0.0,0.0,0.0,10286.8251953125,-12752.125,-19.328569412231445,0.0,0.0,45.0,0.0,0.0
1732841048347.0,0.0,0.0,-20.0,0.0,0.0,0.0,0.0,0.0,0.0,0.0,0.0,0.0,0.0,0.0,0.0,-38.89226531982422,0.0,0.0,-0.0025737546384334564,0.0,0.0,0.0,10286.8251953125,-12752.125,-19.328569412231445,0.0,0.0,45.0,0.0,0.0
1732841048397.0,0.0,0.0,-20.0,0.0,0.0,0.0,0.0,0.0,0.0,0.0,0.0,0.0,0.0,0.0,0.0,-38.8931999206543,0.0,0.0,0.010437846183776855,0.0,0.0,0.0,10287.033203125,-12751.95703125,78.38689422607422,0.0,0.0,45.0,0.0,0.0
1732841048414.0,0.0,0.0,-20.0,0.0,0.0,0.0,0.0,0.0,0.0,0.0,0.0,0.0,0.0,0.0,0.0,-38.88124084472656,0.0,0.0,0.014760284684598446,0.0,0.0,0.0,10284.37109375,-12754.103515625,110.84785461425781,0.0,0.0,45.0,0.0,0.0
1732841048430.0,0.0,0.0,-20.0,0.0,0.0,0.0,0.0,0.0,0.0,0.0,0.0,0.0,0.0,0.0,0.0,-38.86433029174805,0.0,0.0,0.01909443363547325,0.0,0.0,0.0,10280.607421875,-12757.1376953125,143.39675903320312,0.0,0.0,45.0,0.0,0.0
1732841048447.0,0.0,0.0,-20.0,0.0,0.0,0.0,0.0,0.0,0.0,0.0,0.0,0.0,0.0,0.0,0.0,-38.842445373535156,0.0,0.0,0.023486390709877014,0.0,0.0,0.0,10275.7333984375,-12761.064453125,176.37979125976562,0.0,0.0,45.0,0.0,0.0
1732841048464.0,0.0,0.0,-20.0,0.0,0.0,0.0,0.0,0.0,0.0,0.0,0.0,0.0,0.0,0.0,0.0,-38.81553649902344,0.0,0.0,0.027729738503694534,0.0,0.0,0.0,10269.73828125,-12765.8896484375,208.24679565429688,0.0,0.0,45.0,0.0,0.0
1732841048497.0,0.0,0.0,-20.0,0.0,0.0,0.0,0.0,0.0,0.0,0.0,0.0,0.0,0.0,0.0,0.0,-38.783756256103516,0.0,0.0,0.036365531384944916,0.0,0.0,0.0,10262.65625,-12771.5830078125,273.1004943847656,0.0,0.0,45.0,0.0,0.0
1732841048514.0,0.0,0.0,-20.0,0.0,0.0,0.0,0.0,0.0,0.0,0.0,0.0,0.0,0.0,0.0,0.0,-38.74208450317383,0.0,0.0,0.04059826582670212,0.0,0.0,0.0,10253.365234375,-12779.0439453125,304.8877868652344,0.0,0.0,45.0,0.0,0.0
1732841048530.0,0.0,0.0,-20.0,0.0,0.0,0.0,0.0,0.0,0.0,0.0,0.0,0.0,0.0,0.0,0.0,-38.69556427001953,0.0,0.0,0.04485120251774788,0.0,0.0,0.0,10242.986328125,-12787.3642578125,336.8268127441406,0.0,0.0,45.0,0.0,0.0
1732841048547.0,0.0,0.0,-20.0,0.0,0.0,0.0,0.0,0.0,0.0,0.0,0.0,0.0,0.0,0.0,0.0,-38.6441650390625,0.0,0.0,0.04912291094660759,0.0,0.0,0.0,10231.5107421875,-12796.548828125,368.90679931640625,0.0,0.0,45.0,0.0,0.0
1732841048564.0,0.0,0.0,-20.0,0.0,0.0,0.0,0.0,0.0,0.0,0.0,0.0,0.0,0.0,0.0,0.0,-38.58788299560547,0.0,0.0,0.05339639633893967,0.0,0.0,0.0,10218.935546875,-12806.5927734375,401.0001220703125,0.0,0.0,45.0,0.0,0.0
1732841048597.0,0.0,0.0,-20.0,0.0,0.0,0.0,0.0,0.0,0.0,0.0,0.0,0.0,0.0,0.0,0.0,-38.52669143676758,0.0,0.0,0.06185084581375122,0.0,0.0,0.0,10205.251953125,-12817.4990234375,464.491943359375,0.0,0.0,45.0,0.0,0.0
1732841048631.0,0.0,0.0,-20.0,0.0,0.0,0.0,0.0,0.0,0.0,0.0,0.0,0.0,0.0,0.0,0.0,-38.3801155090332,0.0,0.0,0.07025162875652313,0.0,0.0,0.0,10172.4287109375,-12843.564453125,527.5807495117188,0.0,0.0,45.0,0.0,0.0
1732841048647.0,0.0,0.0,-20.0,0.0,0.0,0.0,0.0,0.0,0.0,0.0,0.0,0.0,0.0,0.0,0.0,-38.29960632324219,0.0,0.0,0.07439275830984116,0.0,0.0,0.0,10154.37109375,-12857.845703125,558.6801147460938,0.0,0.0,45.0,0.0,0.0
1732841048647.0,0.0,0.0,-20.0,0.0,0.0,0.0,0.0,0.0,0.0,0.0,0.0,0.0,0.0,0.0,0.0,-38.29960632324219,0.0,0.0,0.07439275830984116,0.0,0.0,0.0,10154.37109375,-12857.845703125,558.6801147460938,0.0,0.0,45.0,0.0,0.0
1732841048664.0,0.0,0.0,-20.0,0.0,0.0,0.0,0.0,0.0,0.0,0.0,0.0,0.0,0.0,0.0,0.0,-38.21436309814453,0.0,0.0,0.07851338386535645,0.0,0.0,0.0,10135.23046875,-12872.939453125,589.62548828125,0.0,0.0,45.0,0.0,0.0
1732841048714.0,0.0,0.0,-20.0,0.0,0.0,0.0,0.0,0.0,0.0,0.0,0.0,0.0,0.0,0.0,0.0,-38.024906158447266,0.0,0.0,0.09085972607135773,0.0,0.0,0.0,10092.609375,-12906.3818359375,682.3449096679688,0.0,0.0,45.0,0.0,0.0
1732841048731.0,0.0,0.0,-20.0,0.0,0.0,0.0,0.0,0.0,0.0,0.0,0.0,0.0,0.0,0.0,0.0,-37.92079544067383,0.0,0.0,0.09490104764699936,0.0,0.0,0.0,10069.140625,-12924.69921875,712.6947631835938,0.0,0.0,45.0,0.0,0.0
1732841048747.0,0.0,0.0,-20.0,0.0,0.0,0.0,0.0,0.0,0.0,0.0,0.0,0.0,0.0,0.0,0.0,-37.812042236328125,0.0,0.0,0.09888670593500137,0.0,0.0,0.0,10044.58984375,-12943.7890625,742.6265258789062,0.0,0.0,45.0,0.0,0.0
1732841048747.0,0.0,0.0,-20.0,0.0,0.0,0.0,0.0,0.0,0.0,0.0,0.0,0.0,0.0,0.0,0.0,-37.812042236328125,0.0,0.0,0.09888670593500137,0.0,0.0,0.0,10044.58984375,-12943.7890625,742.6265258789062,0.0,0.0,45.0,0.0,0.0
1732841048798.0,0.0,0.0,-20.0,0.0,0.0,0.0,0.0,0.0,0.0,0.0,0.0,0.0,0.0,0.0,0.0,-37.58088684082031,0.0,0.0,0.11080607771873474,0.0,0.0,0.0,9992.2880859375,-12984.20703125,832.1394653320312,0.0,0.0,45.0,0.0,0.0
1732841048814.0,0.0,0.0,-20.0,0.0,0.0,0.0,0.0,0.0,0.0,0.0,0.0,0.0,0.0,0.0,0.0,-37.453914642333984,0.0,0.0,0.11469025909900665,0.0,0.0,0.0,9963.4892578125,-13006.3193359375,861.3092041015625,0.0,0.0,45.0,0.0,0.0
1732841048831.0,0.0,0.0,-20.0,0.0,0.0,0.0,0.0,0.0,0.0,0.0,0.0,0.0,0.0,0.0,0.0,-37.32249450683594,0.0,0.0,0.11854282766580582,0.0,0.0,0.0,9933.630859375,-13029.138671875,890.2415161132812,0.0,0.0,45.0,0.0,0.0
1732841048847.0,0.0,0.0,-20.0,0.0,0.0,0.0,0.0,0.0,0.0,0.0,0.0,0.0,0.0,0.0,0.0,-37.186649322509766,0.0,0.0,0.12236271798610687,0.0,0.0,0.0,9902.7109375,-13052.6533203125,918.9284057617188,0.0,0.0,45.0,0.0,0.0
1732841048864.0,0.0,0.0,-20.0,0.0,0.0,0.0,0.0,0.0,0.0,0.0,0.0,0.0,0.0,0.0,0.0,-37.04643249511719,0.0,0.0,0.1261765956878662,0.0,0.0,0.0,9870.73828125,-13076.8486328125,947.5701293945312,0.0,0.0,45.0,0.0,0.0
1732841048898.0,0.0,0.0,-20.0,0.0,0.0,0.0,0.0,0.0,0.0,0.0,0.0,0.0,0.0,0.0,0.0,-36.90184020996094,0.0,0.0,0.1337246298789978,0.0,0.0,0.0,9837.705078125,-13101.7177734375,1004.2548828125,0.0,0.0,45.0,0.0,0.0
1732841048914.0,0.0,0.0,-20.0,0.0,0.0,0.0,0.0,0.0,0.0,0.0,0.0,0.0,0.0,0.0,0.0,-36.74860382080078,0.0,0.0,0.13738885521888733,0.0,0.0,0.0,9802.630859375,-13127.98046875,1031.772705078125,0.0,0.0,45.0,0.0,0.0
1732841048948.0,0.0,0.0,-20.0,0.0,0.0,0.0,0.0,0.0,0.0,0.0,0.0,0.0,0.0,0.0,0.0,-36.429542541503906,0.0,0.0,0.14468255639076233,0.0,0.0,0.0,9729.3740234375,-13182.3642578125,1086.5474853515625,0.0,0.0,45.0,0.0,0.0
1732841048948.0,0.0,0.0,-20.0,0.0,0.0,0.0,0.0,0.0,0.0,0.0,0.0,0.0,0.0,0.0,0.0,-36.429542541503906,0.0,0.0,0.14468255639076233,0.0,0.0,0.0,9729.3740234375,-13182.3642578125,1086.5474853515625,0.0,0.0,45.0,0.0,0.0
1732841048964.0,0.0,0.0,-20.0,0.0,0.0,0.0,0.0,0.0,0.0,0.0,0.0,0.0,0.0,0.0,0.0,-36.26375198364258,0.0,0.0,0.1482301652431488,0.0,0.0,0.0,9691.1884765625,-13210.462890625,1113.1895751953125,0.0,0.0,45.0,0.0,0.0
1732841049014.0,0.0,0.0,-20.0,0.0,0.0,0.0,0.0,0.0,0.0,0.0,0.0,0.0,0.0,0.0,0.0,-35.91596984863281,0.0,0.0,0.15867605805397034,0.0,0.0,0.0,9610.82421875,-13269.0439453125,1191.636962890625,0.0,0.0,45.0,0.0,0.0
1732841049031.0,0.0,0.0,-20.0,0.0,0.0,0.0,0.0,0.0,0.0,0.0,0.0,0.0,0.0,0.0,0.0,-35.7341423034668,0.0,0.0,0.16212941706180573,0.0,0.0,0.0,9568.666015625,-13299.4765625,1217.5711669921875,0.0,0.0,45.0,0.0,0.0
1732841049048.0,0.0,0.0,-20.0,0.0,0.0,0.0,0.0,0.0,0.0,0.0,0.0,0.0,0.0,0.0,0.0,-35.54835510253906,0.0,0.0,0.16551201045513153,0.0,0.0,0.0,9525.4912109375,-13330.4345703125,1242.9739990234375,0.0,0.0,45.0,0.0,0.0
1732841049048.0,0.0,0.0,-20.0,0.0,0.0,0.0,0.0,0.0,0.0,0.0,0.0,0.0,0.0,0.0,0.0,-35.54835510253906,0.0,0.0,0.16551201045513153,0.0,0.0,0.0,9525.4912109375,-13330.4345703125,1242.9739990234375,0.0,0.0,45.0,0.0,0.0
1732841049098.0,0.0,0.0,-20.0,0.0,0.0,0.0,0.0,0.0,0.0,0.0,0.0,0.0,0.0,0.0,0.0,-35.16524124145508,0.0,0.0,0.17529438436031342,0.0,0.0,0.0,9436.1435546875,-13393.8291015625,1316.4384765625,0.0,0.0,45.0,0.0,0.0
1732841049114.0,0.0,0.0,-20.0,0.0,0.0,0.0,0.0,0.0,0.0,0.0,0.0,0.0,0.0,0.0,0.0,-34.96437072753906,0.0,0.0,0.17848613858222961,0.0,0.0,0.0,9389.12890625,-13426.828125,1340.4080810546875,0.0,0.0,45.0,0.0,0.0
1732841049131.0,0.0,0.0,-20.0,0.0,0.0,0.0,0.0,0.0,0.0,0.0,0.0,0.0,0.0,0.0,0.0,-34.75984573364258,0.0,0.0,0.1815936118364334,0.0,0.0,0.0,9341.140625,-13460.2587890625,1363.744873046875,0.0,0.0,45.0,0.0,0.0
1732841049148.0,0.0,0.0,-20.0,0.0,0.0,0.0,0.0,0.0,0.0,0.0,0.0,0.0,0.0,0.0,0.0,-34.55175018310547,0.0,0.0,0.18468447029590607,0.0,0.0,0.0,9292.1923828125,-13494.0947265625,1386.956787109375,0.0,0.0,45.0,0.0,0.0
1732841049164.0,0.0,0.0,-20.0,0.0,0.0,0.0,0.0,0.0,0.0,0.0,0.0,0.0,0.0,0.0,0.0,-34.34011459350586,0.0,0.0,0.1876794844865799,0.0,0.0,0.0,9242.28515625,-13528.3271484375,1409.448974609375,0.0,0.0,45.0,0.0,0.0
1732841049198.0,0.0,0.0,-20.0,0.0,0.0,0.0,0.0,0.0,0.0,0.0,0.0,0.0,0.0,0.0,0.0,-34.12505340576172,0.0,0.0,0.1935463845729828,0.0,0.0,0.0,9191.44140625,-13562.921875,1453.5086669921875,0.0,0.0,45.0,0.0,0.0
1732841049214.0,0.0,0.0,-20.0,0.0,0.0,0.0,0.0,0.0,0.0,0.0,0.0,0.0,0.0,0.0,0.0,-33.90327072143555,0.0,0.0,0.19639475643634796,0.0,0.0,0.0,9138.873046875,-13598.3984375,1474.8995361328125,0.0,0.0,45.0,0.0,0.0
1732841049248.0,0.0,0.0,-20.0,0.0,0.0,0.0,0.0,0.0,0.0,0.0,0.0,0.0,0.0,0.0,0.0,-33.4499626159668,0.0,0.0,0.20194824039936066,0.0,0.0,0.0,9031.0009765625,-13670.27734375,1516.60546875,0.0,0.0,45.0,0.0,0.0
1732841049248.0,0.0,0.0,-20.0,0.0,0.0,0.0,0.0,0.0,0.0,0.0,0.0,0.0,0.0,0.0,0.0,-33.4499626159668,0.0,0.0,0.20194824039936066,0.0,0.0,0.0,9031.0009765625,-13670.27734375,1516.60546875,0.0,0.0,45.0,0.0,0.0
1732841049264.0,0.0,0.0,-20.0,0.0,0.0,0.0,0.0,0.0,0.0,0.0,0.0,0.0,0.0,0.0,0.0,-33.218544006347656,0.0,0.0,0.2046607881784439,0.0,0.0,0.0,8975.712890625,-13706.6416015625,1536.976318359375,0.0,0.0,45.0,0.0,0.0
1732841049298.0,0.0,0.0,-20.0,0.0,0.0,0.0,0.0,0.0,0.0,0.0,0.0,0.0,0.0,0.0,0.0,-32.98402404785156,0.0,0.0,0.2098841816186905,0.0,0.0,0.0,8919.5341796875,-13743.265625,1576.203369140625,0.0,0.0,45.0,0.0,0.0
1732841049331.0,0.0,0.0,-20.0,0.0,0.0,0.0,0.0,0.0,0.0,0.0,0.0,0.0,0.0,0.0,0.0,-32.50008773803711,0.0,0.0,0.2148469090461731,0.0,0.0,0.0,8803.138671875,-13818.1103515625,1613.472900390625,0.0,0.0,45.0,0.0,0.0
1732841049348.0,0.0,0.0,-20.0,0.0,0.0,0.0,0.0,0.0,0.0,0.0,0.0,0.0,0.0,0.0,0.0,-32.253883361816406,0.0,0.0,0.2172832190990448,0.0,0.0,0.0,8743.6796875,-13855.8115234375,1631.7691650390625,0.0,0.0,45.0,0.0,0.0
1732841049348.0,0.0,0.0,-20.0,0.0,0.0,0.0,0.0,0.0,0.0,0.0,0.0,0.0,0.0,0.0,0.0,-32.253883361816406,0.0,0.0,0.2172832190990448,0.0,0.0,0.0,8743.6796875,-13855.8115234375,1631.7691650390625,0.0,0.0,45.0,0.0,0.0
1732841049365.0,0.0,0.0,-20.0,0.0,0.0,0.0,0.0,0.0,0.0,0.0,0.0,0.0,0.0,0.0,0.0,-32.0048942565918,0.0,0.0,0.21964050829410553,0.0,0.0,0.0,8683.3837890625,-13893.6796875,1649.47216796875,0.0,0.0,45.0,0.0,0.0
1732841049415.0,0.0,0.0,-20.0,0.0,0.0,0.0,0.0,0.0,0.0,0.0,0.0,0.0,0.0,0.0,0.0,-31.496379852294922,0.0,0.0,0.22629965841770172,0.0,0.0,0.0,8559.734375,-13970.197265625,1699.4815673828125,0.0,0.0,45.0,0.0,0.0
1732841049432.0,0.0,0.0,-20.0,0.0,0.0,0.0,0.0,0.0,0.0,0.0,0.0,0.0,0.0,0.0,0.0,-31.237060546875,0.0,0.0,0.22839170694351196,0.0,0.0,0.0,8496.41796875,-14008.794921875,1715.1925048828125,0.0,0.0,45.0,0.0,0.0
1732841049448.0,0.0,0.0,-20.0,0.0,0.0,0.0,0.0,0.0,0.0,0.0,0.0,0.0,0.0,0.0,0.0,-30.975337982177734,0.0,0.0,0.23044228553771973,0.0,0.0,0.0,8432.337890625,-14047.4609375,1730.5921630859375,0.0,0.0,45.0,0.0,0.0
1732841049465.0,0.0,0.0,-20.0,0.0,0.0,0.0,0.0,0.0,0.0,0.0,0.0,0.0,0.0,0.0,0.0,-30.711273193359375,0.0,0.0,0.23237085342407227,0.0,0.0,0.0,8367.5078125,-14086.1728515625,1745.075439453125,0.0,0.0,45.0,0.0,0.0
1732841049498.0,0.0,0.0,-20.0,0.0,0.0,0.0,0.0,0.0,0.0,0.0,0.0,0.0,0.0,0.0,0.0,-30.44499397277832,0.0,0.0,0.2361268550157547,0.0,0.0,0.0,8301.9521484375,-14124.908203125,1773.282470703125,0.0,0.0,45.0,0.0,0.0
1732841049515.0,0.0,0.0,-20.0,0.0,0.0,0.0,0.0,0.0,0.0,0.0,0.0,0.0,0.0,0.0,0.0,-30.174413681030273,0.0,0.0,0.23788979649543762,0.0,0.0,0.0,8235.154296875,-14163.95703125,1786.52197265625,0.0,0.0,45.0,0.0,0.0
1732841049531.0,0.0,0.0,-20.0,0.0,0.0,0.0,0.0,0.0,0.0,0.0,0.0,0.0,0.0,0.0,0.0,-29.901809692382812,0.0,0.0,0.23958715796470642,0.0,0.0,0.0,8167.67236328125,-14202.9775390625,1799.2689208984375,0.0,0.0,45.0,0.0,0.0
1732841049548.0,0.0,0.0,-20.0,0.0,0.0,0.0,0.0,0.0,0.0,0.0,0.0,0.0,0.0,0.0,0.0,-29.62726402282715,0.0,0.0,0.2412361353635788,0.0,0.0,0.0,8099.52197265625,-14241.953125,1811.652587890625,0.0,0.0,45.0,0.0,0.0
1732841049565.0,0.0,0.0,-20.0,0.0,0.0,0.0,0.0,0.0,0.0,0.0,0.0,0.0,0.0,0.0,0.0,-29.350826263427734,0.0,0.0,0.2428002655506134,0.0,0.0,0.0,8030.71435546875,-14280.8642578125,1823.39892578125,0.0,0.0,45.0,0.0,0.0
1732841049598.0,0.0,0.0,-20.0,0.0,0.0,0.0,0.0,0.0,0.0,0.0,0.0,0.0,0.0,0.0,0.0,-29.072595596313477,0.0,0.0,0.24573762714862823,0.0,0.0,0.0,7961.271484375,-14319.6943359375,1845.458251953125,0.0,0.0,45.0,0.0,0.0
1732841049615.0,0.0,0.0,-20.0,0.0,0.0,0.0,0.0,0.0,0.0,0.0,0.0,0.0,0.0,0.0,0.0,-28.790996551513672,0.0,0.0,0.24710416793823242,0.0,0.0,0.0,7890.7958984375,-14358.6484375,1855.720703125,0.0,0.0,45.0,0.0,0.0
1732841049648.0,0.0,0.0,-20.0,0.0,0.0,0.0,0.0,0.0,0.0,0.0,0.0,0.0,0.0,0.0,0.0,-28.223182678222656,0.0,0.0,0.24963106215000153,0.0,0.0,0.0,7748.11474609375,-14436.142578125,1874.6973876953125,0.0,0.0,45.0,0.0,0.0
1732841049648.0,0.0,0.0,-20.0,0.0,0.0,0.0,0.0,0.0,0.0,0.0,0.0,0.0,0.0,0.0,0.0,-28.223182678222656,0.0,0.0,0.24963106215000153,0.0,0.0,0.0,7748.11474609375,-14436.142578125,1874.6973876953125,0.0,0.0,45.0,0.0,0.0
1732841049665.0,0.0,0.0,-20.0,0.0,0.0,0.0,0.0,0.0,0.0,0.0,0.0,0.0,0.0,0.0,0.0,-27.9371280670166,0.0,0.0,0.2507948577404022,0.0,0.0,0.0,7675.9443359375,-14474.64453125,1883.4373779296875,0.0,0.0,45.0,0.0,0.0
1732841049698.0,0.0,0.0,-20.0,0.0,0.0,0.0,0.0,0.0,0.0,0.0,0.0,0.0,0.0,0.0,0.0,-27.649736404418945,0.0,0.0,0.2529008686542511,0.0,0.0,0.0,7603.2431640625,-14512.96484375,1899.253173828125,0.0,0.0,45.0,0.0,0.0
1732841049732.0,0.0,0.0,-20.0,0.0,0.0,0.0,0.0,0.0,0.0,0.0,0.0,0.0,0.0,0.0,0.0,-27.069011688232422,0.0,0.0,0.25474560260772705,0.0,0.0,0.0,7455.75927734375,-14589.28125,1913.10693359375,0.0,0.0,45.0,0.0,0.0
1732841049748.0,0.0,0.0,-20.0,0.0,0.0,0.0,0.0,0.0,0.0,0.0,0.0,0.0,0.0,0.0,0.0,-26.777095794677734,0.0,0.0,0.2555530071258545,0.0,0.0,0.0,7381.3310546875,-14627.078125,1919.17041015625,0.0,0.0,45.0,0.0,0.0
1732841049748.0,0.0,0.0,-20.0,0.0,0.0,0.0,0.0,0.0,0.0,0.0,0.0,0.0,0.0,0.0,0.0,-26.777095794677734,0.0,0.0,0.2555530071258545,0.0,0.0,0.0,7381.3310546875,-14627.078125,1919.17041015625,0.0,0.0,45.0,0.0,0.0
1732841049765.0,0.0,0.0,-20.0,0.0,0.0,0.0,0.0,0.0,0.0,0.0,0.0,0.0,0.0,0.0,0.0,-26.4842529296875,0.0,0.0,0.2562920153141022,0.0,0.0,0.0,7306.47509765625,-14664.61328125,1924.7203369140625,0.0,0.0,45.0,0.0,0.0
1732841049815.0,0.0,0.0,-20.0,0.0,0.0,0.0,0.0,0.0,0.0,0.0,0.0,0.0,0.0,0.0,0.0,-25.895437240600586,0.0,0.0,0.2580728828907013,0.0,0.0,0.0,7155.38720703125,-14738.9228515625,1938.0943603515625,0.0,0.0,45.0,0.0,0.0
1732841049832.0,0.0,0.0,-20.0,0.0,0.0,0.0,0.0,0.0,0.0,0.0,0.0,0.0,0.0,0.0,0.0,-25.599706649780273,0.0,0.0,0.2585203945636749,0.0,0.0,0.0,7079.21728515625,-14775.66015625,1941.4552001953125,0.0,0.0,45.0,0.0,0.0
1732841049848.0,0.0,0.0,-20.0,0.0,0.0,0.0,0.0,0.0,0.0,0.0,0.0,0.0,0.0,0.0,0.0,-25.303464889526367,0.0,0.0,0.2589021921157837,0.0,0.0,0.0,7002.7275390625,-14812.06640625,1944.3223876953125,0.0,0.0,45.0,0.0,0.0
1732841049848.0,0.0,0.0,-20.0,0.0,0.0,0.0,0.0,0.0,0.0,0.0,0.0,0.0,0.0,0.0,0.0,-25.303464889526367,0.0,0.0,0.2589021921157837,0.0,0.0,0.0,7002.7275390625,-14812.06640625,1944.3223876953125,0.0,0.0,45.0,0.0,0.0
1732841049898.0,0.0,0.0,-20.0,0.0,0.0,0.0,0.0,0.0,0.0,0.0,0.0,0.0,0.0,0.0,0.0,-24.70975685119629,0.0,0.0,0.25960591435432434,0.0,0.0,0.0,6848.86865234375,-14883.8330078125,1949.6072998046875,0.0,0.0,45.0,0.0,0.0
1732841049915.0,0.0,0.0,-20.0,0.0,0.0,0.0,0.0,0.0,0.0,0.0,0.0,0.0,0.0,0.0,0.0,-24.412269592285156,0.0,0.0,0.2596970200538635,0.0,0.0,0.0,6771.498046875,-14919.1923828125,1950.29150390625,0.0,0.0,45.0,0.0,0.0
1732841049932.0,0.0,0.0,-20.0,0.0,0.0,0.0,0.0,0.0,0.0,0.0,0.0,0.0,0.0,0.0,0.0,-24.11467933654785,0.0,0.0,0.25971633195877075,0.0,0.0,0.0,6693.91796875,-14954.1591796875,1950.4365234375,0.0,0.0,45.0,0.0,0.0
1732841049948.0,0.0,0.0,-20.0,0.0,0.0,0.0,0.0,0.0,0.0,0.0,0.0,0.0,0.0,0.0,0.0,-23.817068099975586,0.0,0.0,0.2596622705459595,0.0,0.0,0.0,6616.1513671875,-14988.728515625,1950.030517578125,0.0,0.0,45.0,0.0,0.0
1732841049965.0,0.0,0.0,-20.0,0.0,0.0,0.0,0.0,0.0,0.0,0.0,0.0,0.0,0.0,0.0,0.0,-23.519515991210938,0.0,0.0,0.25953683257102966,0.0,0.0,0.0,6538.22265625,-15022.8857421875,1949.0885009765625,0.0,0.0,45.0,0.0,0.0
1732841049998.0,0.0,0.0,-20.0,0.0,0.0,0.0,0.0,0.0,0.0,0.0,0.0,0.0,0.0,0.0,0.0,-23.222110748291016,0.0,0.0,0.2590703070163727,0.0,0.0,0.0,6460.15576171875,-15056.6201171875,1945.5849609375,0.0,0.0,45.0,0.0,0.0
1732841050015.0,0.0,0.0,-20.0,0.0,0.0,0.0,0.0,0.0,0.0,0.0,0.0,0.0,0.0,0.0,0.0,-22.92523956298828,0.0,0.0,0.2587246596813202,0.0,0.0,0.0,6382.0546875,-15089.8916015625,1942.9891357421875,0.0,0.0,45.0,0.0,0.0
1732841050048.0,0.0,0.0,-20.0,0.0,0.0,0.0,0.0,0.0,0.0,0.0,0.0,0.0,0.0,0.0,0.0,-22.332759857177734,0.0,0.0,0.25782856345176697,0.0,0.0,0.0,6225.67626953125,-15155.0791015625,1936.259521484375,0.0,0.0,45.0,0.0,0.0
1732841050048.0,0.0,0.0,-20.0,0.0,0.0,0.0,0.0,0.0,0.0,0.0,0.0,0.0,0.0,0.0,0.0,-22.332759857177734,0.0,0.0,0.25782856345176697,0.0,0.0,0.0,6225.67626953125,-15155.0791015625,1936.259521484375,0.0,0.0,45.0,0.0,0.0
1732841050065.0,0.0,0.0,-20.0,0.0,0.0,0.0,0.0,0.0,0.0,0.0,0.0,0.0,0.0,0.0,0.0,-22.037309646606445,0.0,0.0,0.2572673261165619,0.0,0.0,0.0,6147.44580078125,-15186.98046875,1932.0447998046875,0.0,0.0,45.0,0.0,0.0
1732841050099.0,0.0,0.0,-20.0,0.0,0.0,0.0,0.0,0.0,0.0,0.0,0.0,0.0,0.0,0.0,0.0,-21.742502212524414,0.0,0.0,0.2559357285499573,0.0,0.0,0.0,6069.2216796875,-15218.41015625,1922.044677734375,0.0,0.0,45.0,0.0,0.0
1732841050115.0,0.0,0.0,-20.0,0.0,0.0,0.0,0.0,0.0,0.0,0.0,0.0,0.0,0.0,0.0,0.0,-21.449222564697266,0.0,0.0,0.2551731765270233,0.0,0.0,0.0,5991.244140625,-15249.27734375,1916.3179931640625,0.0,0.0,45.0,0.0,0.0
1732841050148.0,0.0,0.0,-20.0,0.0,0.0,0.0,0.0,0.0,0.0,0.0,0.0,0.0,0.0,0.0,0.0,-20.86536979675293,0.0,0.0,0.2534092366695404,0.0,0.0,0.0,5835.54296875,-15309.537109375,1903.071044921875,0.0,0.0,45.0,0.0,0.0
1732841050148.0,0.0,0.0,-20.0,0.0,0.0,0.0,0.0,0.0,0.0,0.0,0.0,0.0,0.0,0.0,0.0,-20.86536979675293,0.0,0.0,0.2534092366695404,0.0,0.0,0.0,5835.54296875,-15309.537109375,1903.071044921875,0.0,0.0,45.0,0.0,0.0
1732841050165.0,0.0,0.0,-20.0,0.0,0.0,0.0,0.0,0.0,0.0,0.0,0.0,0.0,0.0,0.0,0.0,-20.574983596801758,0.0,0.0,0.2524148225784302,0.0,0.0,0.0,5757.87744140625,-15338.9150390625,1895.60302734375,0.0,0.0,45.0,0.0,0.0
1732841050199.0,0.0,0.0,-20.0,0.0,0.0,0.0,0.0,0.0,0.0,0.0,0.0,0.0,0.0,0.0,0.0,-20.285737991333008,0.0,0.0,0.25024116039276123,0.0,0.0,0.0,5680.36865234375,-15367.787109375,1879.2791748046875,0.0,0.0,45.0,0.0,0.0
1732841050232.0,0.0,0.0,-20.0,0.0,0.0,0.0,0.0,0.0,0.0,0.0,0.0,0.0,0.0,0.0,0.0,-19.713577270507812,0.0,0.0,0.24778114259243011,0.0,0.0,0.0,5526.62353515625,-15423.744140625,1860.8046875,0.0,0.0,45.0,0.0,0.0
1732841050249.0,0.0,0.0,-20.0,0.0,0.0,0.0,0.0,0.0,0.0,0.0,0.0,0.0,0.0,0.0,0.0,-19.429645538330078,0.0,0.0,0.24644486606121063,0.0,0.0,0.0,5450.12353515625,-15450.9423828125,1850.7694091796875,0.0,0.0,45.0,0.0,0.0
1732841050249.0,0.0,0.0,-20.0,0.0,0.0,0.0,0.0,0.0,0.0,0.0,0.0,0.0,0.0,0.0,0.0,-19.429645538330078,0.0,0.0,0.24644486606121063,0.0,0.0,0.0,5450.12353515625,-15450.9423828125,1850.7694091796875,0.0,0.0,45.0,0.0,0.0
1732841050299.0,0.0,0.0,-20.0,0.0,0.0,0.0,0.0,0.0,0.0,0.0,0.0,0.0,0.0,0.0,0.0,-18.866430282592773,0.0,0.0,0.24202989041805267,0.0,0.0,0.0,5297.98046875,-15503.76953125,1817.613525390625,0.0,0.0,45.0,0.0,0.0
1732841050316.0,0.0,0.0,-20.0,0.0,0.0,0.0,0.0,0.0,0.0,0.0,0.0,0.0,0.0,0.0,0.0,-18.58908462524414,0.0,0.0,0.24041461944580078,0.0,0.0,0.0,5222.87109375,-15529.232421875,1805.4830322265625,0.0,0.0,45.0,0.0,0.0
1732841050332.0,0.0,0.0,-20.0,0.0,0.0,0.0,0.0,0.0,0.0,0.0,0.0,0.0,0.0,0.0,0.0,-18.31359100341797,0.0,0.0,0.23875033855438232,0.0,0.0,0.0,5148.14208984375,-15554.166015625,1792.9844970703125,0.0,0.0,45.0,0.0,0.0
1732841050349.0,0.0,0.0,-20.0,0.0,0.0,0.0,0.0,0.0,0.0,0.0,0.0,0.0,0.0,0.0,0.0,-18.040000915527344,0.0,0.0,0.23700730502605438,0.0,0.0,0.0,5073.81201171875,-15578.572265625,1779.89453125,0.0,0.0,45.0,0.0,0.0
1732841050365.0,0.0,0.0,-20.0,0.0,0.0,0.0,0.0,0.0,0.0,0.0,0.0,0.0,0.0,0.0,0.0,-17.76841163635254,0.0,0.0,0.2352248728275299,0.0,0.0,0.0,4999.9111328125,-15602.447265625,1766.5087890625,0.0,0.0,45.0,0.0,0.0
1732841050399.0,0.0,0.0,-20.0,0.0,0.0,0.0,0.0,0.0,0.0,0.0,0.0,0.0,0.0,0.0,0.0,-17.498863220214844,0.0,0.0,0.2314257025718689,0.0,0.0,0.0,4926.45361328125,-15625.7958984375,1737.9774169921875,0.0,0.0,45.0,0.0,0.0
1732841050415.0,0.0,0.0,-20.0,0.0,0.0,0.0,0.0,0.0,0.0,0.0,0.0,0.0,0.0,0.0,0.0,-17.23366928100586,0.0,0.0,0.2294294685125351,0.0,0.0,0.0,4854.07763671875,-15648.4306640625,1722.9859619140625,0.0,0.0,45.0,0.0,0.0
1732841050432.0,0.0,0.0,-20.0,0.0,0.0,0.0,0.0,0.0,0.0,0.0,0.0,0.0,0.0,0.0,0.0,-16.97076416015625,0.0,0.0,0.2273542284965515,0.0,0.0,0.0,4782.22265625,-15670.5400390625,1707.4012451171875,0.0,0.0,45.0,0.0,0.0
1732841050449.0,0.0,0.0,-20.0,0.0,0.0,0.0,0.0,0.0,0.0,0.0,0.0,0.0,0.0,0.0,0.0,-16.710235595703125,0.0,0.0,0.22524648904800415,0.0,0.0,0.0,4710.91796875,-15692.12109375,1691.5723876953125,0.0,0.0,45.0,0.0,0.0
1732841050466.0,0.0,0.0,-20.0,0.0,0.0,0.0,0.0,0.0,0.0,0.0,0.0,0.0,0.0,0.0,0.0,-16.452123641967773,0.0,0.0,0.22302842140197754,0.0,0.0,0.0,4640.17919921875,-15713.185546875,1674.9149169921875,0.0,0.0,45.0,0.0,0.0
1732841050499.0,0.0,0.0,-20.0,0.0,0.0,0.0,0.0,0.0,0.0,0.0,0.0,0.0,0.0,0.0,0.0,-16.196550369262695,0.0,0.0,0.21850456297397614,0.0,0.0,0.0,4570.04296875,-15733.7255859375,1640.94140625,0.0,0.0,45.0,0.0,0.0
1732841050515.0,0.0,0.0,-20.0,0.0,0.0,0.0,0.0,0.0,0.0,0.0,0.0,0.0,0.0,0.0,0.0,-15.946161270141602,0.0,0.0,0.21612627804279327,0.0,0.0,0.0,4501.2412109375,-15753.5478515625,1623.0806884765625,0.0,0.0,45.0,0.0,0.0
1732841050549.0,0.0,0.0,-20.0,0.0,0.0,0.0,0.0,0.0,0.0,0.0,0.0,0.0,0.0,0.0,0.0,-15.45363998413086,0.0,0.0,0.21118904650211334,0.0,0.0,0.0,4365.6572265625,-15791.6591796875,1586.0028076171875,0.0,0.0,45.0,0.0,0.0
1732841050549.0,0.0,0.0,-20.0,0.0,0.0,0.0,0.0,0.0,0.0,0.0,0.0,0.0,0.0,0.0,0.0,-15.45363998413086,0.0,0.0,0.21118904650211334,0.0,0.0,0.0,4365.6572265625,-15791.6591796875,1586.0028076171875,0.0,0.0,45.0,0.0,0.0
1732841050566.0,0.0,0.0,-20.0,0.0,0.0,0.0,0.0,0.0,0.0,0.0,0.0,0.0,0.0,0.0,0.0,-15.211633682250977,0.0,0.0,0.2086315006017685,0.0,0.0,0.0,4298.91796875,-15809.95703125,1566.7958984375,0.0,0.0,45.0,0.0,0.0
1732841050599.0,0.0,0.0,-20.0,0.0,0.0,0.0,0.0,0.0,0.0,0.0,0.0,0.0,0.0,0.0,0.0,-14.972558975219727,0.0,0.0,0.2033519446849823,0.0,0.0,0.0,4232.9111328125,-15827.7578125,1527.1470947265625,0.0,0.0,45.0,0.0,0.0
1732841050632.0,0.0,0.0,-20.0,0.0,0.0,0.0,0.0,0.0,0.0,0.0,0.0,0.0,0.0,0.0,0.0,-14.509642601013184,0.0,0.0,0.19784574210643768,0.0,0.0,0.0,4104.89599609375,-15861.4404296875,1485.7962646484375,0.0,0.0,45.0,0.0,0.0
1732841050649.0,0.0,0.0,-20.0,0.0,0.0,0.0,0.0,0.0,0.0,0.0,0.0,0.0,0.0,0.0,0.0,-14.282925605773926,0.0,0.0,0.1950252801179886,0.0,0.0,0.0,4042.1005859375,-15877.55859375,1464.614990234375,0.0,0.0,45.0,0.0,0.0
1732841050649.0,0.0,0.0,-20.0,0.0,0.0,0.0,0.0,0.0,0.0,0.0,0.0,0.0,0.0,0.0,0.0,-14.282925605773926,0.0,0.0,0.1950252801179886,0.0,0.0,0.0,4042.1005859375,-15877.55859375,1464.614990234375,0.0,0.0,45.0,0.0,0.0
1732841050699.0,0.0,0.0,-20.0,0.0,0.0,0.0,0.0,0.0,0.0,0.0,0.0,0.0,0.0,0.0,0.0,-13.839256286621094,0.0,0.0,0.1862003207206726,0.0,0.0,0.0,3919.032958984375,-15908.3818359375,1398.340576171875,0.0,0.0,45.0,0.0,0.0
1732841050716.0,0.0,0.0,-20.0,0.0,0.0,0.0,0.0,0.0,0.0,0.0,0.0,0.0,0.0,0.0,0.0,-13.625885009765625,0.0,0.0,0.1831689029932022,0.0,0.0,0.0,3859.76220703125,-15922.8662109375,1375.5750732421875,0.0,0.0,45.0,0.0,0.0
1732841050732.0,0.0,0.0,-20.0,0.0,0.0,0.0,0.0,0.0,0.0,0.0,0.0,0.0,0.0,0.0,0.0,-13.41598892211914,0.0,0.0,0.1800527274608612,0.0,0.0,0.0,3801.405517578125,-15936.8984375,1352.1729736328125,0.0,0.0,45.0,0.0,0.0
1732841050749.0,0.0,0.0,-20.0,0.0,0.0,0.0,0.0,0.0,0.0,0.0,0.0,0.0,0.0,0.0,0.0,-13.209662437438965,0.0,0.0,0.17686262726783752,0.0,0.0,0.0,3743.99072265625,-15950.4853515625,1328.2156982421875,0.0,0.0,45.0,0.0,0.0
1732841050766.0,0.0,0.0,-20.0,0.0,0.0,0.0,0.0,0.0,0.0,0.0,0.0,0.0,0.0,0.0,0.0,-13.006994247436523,0.0,0.0,0.17373982071876526,0.0,0.0,0.0,3687.546875,-15963.62890625,1304.763916015625,0.0,0.0,45.0,0.0,0.0
1732841050799.0,0.0,0.0,-20.0,0.0,0.0,0.0,0.0,0.0,0.0,0.0,0.0,0.0,0.0,0.0,0.0,-12.807904243469238,0.0,0.0,0.16717474162578583,0.0,0.0,0.0,3632.054931640625,-15976.3447265625,1255.4609375,0.0,0.0,45.0,0.0,0.0
1732841050816.0,0.0,0.0,-20.0,0.0,0.0,0.0,0.0,0.0,0.0,0.0,0.0,0.0,0.0,0.0,0.0,-12.616334915161133,0.0,0.0,0.1638152003288269,0.0,0.0,0.0,3578.617431640625,-15988.400390625,1230.231201171875,0.0,0.0,45.0,0.0,0.0
1732841050833.0,0.0,0.0,-20.0,0.0,0.0,0.0,0.0,0.0,0.0,0.0,0.0,0.0,0.0,0.0,0.0,-12.428617477416992,0.0,0.0,0.160446897149086,0.0,0.0,0.0,3526.215576171875,-16000.0390625,1204.9356689453125,0.0,0.0,45.0,0.0,0.0
1732841050849.0,0.0,0.0,-20.0,0.0,0.0,0.0,0.0,0.0,0.0,0.0,0.0,0.0,0.0,0.0,0.0,-12.244758605957031,0.0,0.0,0.15700913965702057,0.0,0.0,0.0,3474.85400390625,-16011.2724609375,1179.1185302734375,0.0,0.0,45.0,0.0,0.0
1732841050866.0,0.0,0.0,-20.0,0.0,0.0,0.0,0.0,0.0,0.0,0.0,0.0,0.0,0.0,0.0,0.0,-12.064839363098145,0.0,0.0,0.1535402536392212,0.0,0.0,0.0,3424.55908203125,-16022.10546875,1153.0677490234375,0.0,0.0,45.0,0.0,0.0
1732841050899.0,0.0,0.0,-20.0,0.0,0.0,0.0,0.0,0.0,0.0,0.0,0.0,0.0,0.0,0.0,0.0,-11.888895988464355,0.0,0.0,0.14646245539188385,0.0,0.0,0.0,3375.3427734375,-16032.5458984375,1099.914306640625,0.0,0.0,45.0,0.0,0.0
1732841050933.0,0.0,0.0,-20.0,0.0,0.0,0.0,0.0,0.0,0.0,0.0,0.0,0.0,0.0,0.0,0.0,-11.557391166687012,0.0,0.0,0.13923482596874237,0.0,0.0,0.0,3282.5244140625,-16051.806640625,1045.6357421875,0.0,0.0,45.0,0.0,0.0
1732841050949.0,0.0,0.0,-20.0,0.0,0.0,0.0,0.0,0.0,0.0,0.0,0.0,0.0,0.0,0.0,0.0,-11.397839546203613,0.0,0.0,0.13561658561229706,0.0,0.0,0.0,3237.812255859375,-16060.8837890625,1018.4632568359375,0.0,0.0,45.0,0.0,0.0
1732841050949.0,0.0,0.0,-20.0,0.0,0.0,0.0,0.0,0.0,0.0,0.0,0.0,0.0,0.0,0.0,0.0,-11.397839546203613,0.0,0.0,0.13561658561229706,0.0,0.0,0.0,3237.812255859375,-16060.8837890625,1018.4632568359375,0.0,0.0,45.0,0.0,0.0
1732841050966.0,0.0,0.0,-20.0,0.0,0.0,0.0,0.0,0.0,0.0,0.0,0.0,0.0,0.0,0.0,0.0,-11.242436408996582,0.0,0.0,0.13187986612319946,0.0,0.0,0.0,3194.238525390625,-16069.607421875,990.4009399414062,0.0,0.0,45.0,0.0,0.0
1732841051016.0,0.0,0.0,-20.0,0.0,0.0,0.0,0.0,0.0,0.0,0.0,0.0,0.0,0.0,0.0,0.0,-10.948783874511719,0.0,0.0,0.12049319595098495,0.0,0.0,0.0,3111.837158203125,-16085.767578125,904.8884887695312,0.0,0.0,45.0,0.0,0.0
1732841051033.0,0.0,0.0,-20.0,0.0,0.0,0.0,0.0,0.0,0.0,0.0,0.0,0.0,0.0,0.0,0.0,-10.810707092285156,0.0,0.0,0.11665714532136917,0.0,0.0,0.0,3073.062744140625,-16093.220703125,876.0802612304688,0.0,0.0,45.0,0.0,0.0
1732841051049.0,0.0,0.0,-20.0,0.0,0.0,0.0,0.0,0.0,0.0,0.0,0.0,0.0,0.0,0.0,0.0,-10.67702865600586,0.0,0.0,0.11278894543647766,0.0,0.0,0.0,3035.50732421875,-16100.3466796875,847.0305786132812,0.0,0.0,45.0,0.0,0.0
1732841051049.0,0.0,0.0,-20.0,0.0,0.0,0.0,0.0,0.0,0.0,0.0,0.0,0.0,0.0,0.0,0.0,-10.67702865600586,0.0,0.0,0.11278894543647766,0.0,0.0,0.0,3035.50732421875,-16100.3466796875,847.0305786132812,0.0,0.0,45.0,0.0,0.0
1732841051099.0,0.0,0.0,-20.0,0.0,0.0,0.0,0.0,0.0,0.0,0.0,0.0,0.0,0.0,0.0,0.0,-10.42308521270752,0.0,0.0,0.10094370692968369,0.0,0.0,0.0,2964.11865234375,-16113.6416015625,758.0743408203125,0.0,0.0,45.0,0.0,0.0
1732841051116.0,0.0,0.0,-20.0,0.0,0.0,0.0,0.0,0.0,0.0,0.0,0.0,0.0,0.0,0.0,0.0,-10.307413101196289,0.0,0.0,0.09694253653287888,0.0,0.0,0.0,2931.581298828125,-16119.59375,728.0260620117188,0.0,0.0,45.0,0.0,0.0
1732841051133.0,0.0,0.0,-20.0,0.0,0.0,0.0,0.0,0.0,0.0,0.0,0.0,0.0,0.0,0.0,0.0,-10.196325302124023,0.0,0.0,0.09285523742437363,0.0,0.0,0.0,2900.322265625,-16125.248046875,697.3309936523438,0.0,0.0,45.0,0.0,0.0
1732841051149.0,0.0,0.0,-20.0,0.0,0.0,0.0,0.0,0.0,0.0,0.0,0.0,0.0,0.0,0.0,0.0,-10.089920997619629,0.0,0.0,0.08884567022323608,0.0,0.0,0.0,2870.37109375,-16130.60546875,667.2196655273438,0.0,0.0,45.0,0.0,0.0
1732841051166.0,0.0,0.0,-20.0,0.0,0.0,0.0,0.0,0.0,0.0,0.0,0.0,0.0,0.0,0.0,0.0,-9.98811149597168,0.0,0.0,0.08478201180696487,0.0,0.0,0.0,2841.703857421875,-16135.6806640625,636.7020874023438,0.0,0.0,45.0,0.0,0.0
1732841051199.0,0.0,0.0,-20.0,0.0,0.0,0.0,0.0,0.0,0.0,0.0,0.0,0.0,0.0,0.0,0.0,-9.890959739685059,0.0,0.0,0.0765099823474884,0.0,0.0,0.0,2814.33984375,-16140.4765625,574.5802001953125,0.0,0.0,45.0,0.0,0.0
1732841051216.0,0.0,0.0,-20.0,0.0,0.0,0.0,0.0,0.0,0.0,0.0,0.0,0.0,0.0,0.0,0.0,-9.803284645080566,0.0,0.0,0.07233355939388275,0.0,0.0,0.0,2789.63818359375,-16144.7626953125,543.2158203125,0.0,0.0,45.0,0.0,0.0
1732841051233.0,0.0,0.0,-20.0,0.0,0.0,0.0,0.0,0.0,0.0,0.0,0.0,0.0,0.0,0.0,0.0,-9.720396995544434,0.0,0.0,0.06819795072078705,0.0,0.0,0.0,2766.279052734375,-16148.7822265625,512.1578979492188,0.0,0.0,45.0,0.0,0.0
1732841051249.0,0.0,0.0,-20.0,0.0,0.0,0.0,0.0,0.0,0.0,0.0,0.0,0.0,0.0,0.0,0.0,-9.642247200012207,0.0,0.0,0.06398221850395203,0.0,0.0,0.0,2744.25,-16152.5400390625,480.498291015625,0.0,0.0,45.0,0.0,0.0
1732841051266.0,0.0,0.0,-20.0,0.0,0.0,0.0,0.0,0.0,0.0,0.0,0.0,0.0,0.0,0.0,0.0,-9.568928718566895,0.0,0.0,0.059794750064611435,0.0,0.0,0.0,2723.578369140625,-16156.037109375,449.0509338378906,0.0,0.0,45.0,0.0,0.0
1732841051300.0,0.0,0.0,-20.0,0.0,0.0,0.0,0.0,0.0,0.0,0.0,0.0,0.0,0.0,0.0,0.0,-9.500409126281738,0.0,0.0,0.0512627512216568,0.0,0.0,0.0,2704.255615234375,-16159.283203125,384.9767150878906,0.0,0.0,45.0,0.0,0.0
1732841051316.0,0.0,0.0,-20.0,0.0,0.0,0.0,0.0,0.0,0.0,0.0,0.0,0.0,0.0,0.0,0.0,-9.441666603088379,0.0,0.0,0.047060150653123856,0.0,0.0,0.0,2687.686767578125,-16162.048828125,353.41571044921875,0.0,0.0,45.0,0.0,0.0
1732841051350.0,0.0,0.0,-20.0,0.0,0.0,0.0,0.0,0.0,0.0,0.0,0.0,0.0,0.0,0.0,0.0,-9.338732719421387,0.0,0.0,0.038476672023534775,0.0,0.0,0.0,2658.646728515625,-16166.8505859375,288.95489501953125,0.0,0.0,45.0,0.0,0.0
1732841051350.0,0.0,0.0,-20.0,0.0,0.0,0.0,0.0,0.0,0.0,0.0,0.0,0.0,0.0,0.0,0.0,-9.338732719421387,0.0,0.0,0.038476672023534775,0.0,0.0,0.0,2658.646728515625,-16166.8505859375,288.95489501953125,0.0,0.0,45.0,0.0,0.0
1732841051366.0,0.0,0.0,-20.0,0.0,0.0,0.0,0.0,0.0,0.0,0.0,0.0,0.0,0.0,0.0,0.0,-9.294641494750977,0.0,0.0,0.03423883765935898,0.0,0.0,0.0,2646.204833984375,-16168.890625,257.1293029785156,0.0,0.0,45.0,0.0,0.0
1732841051417.0,0.0,0.0,-20.0,0.0,0.0,0.0,0.0,0.0,0.0,0.0,0.0,0.0,0.0,0.0,0.0,-9.22602367401123,0.0,0.0,0.02125299908220768,0.0,0.0,0.0,2626.839111328125,-16172.0498046875,159.60731506347656,0.0,0.0,45.0,0.0,0.0
1732841051433.0,0.0,0.0,-20.0,0.0,0.0,0.0,0.0,0.0,0.0,0.0,0.0,0.0,0.0,0.0,0.0,-9.201668739318848,0.0,0.0,0.01700044795870781,0.0,0.0,0.0,2619.964599609375,-16173.1640625,127.67119598388672,0.0,0.0,45.0,0.0,0.0
1732841051450.0,0.0,0.0,-20.0,0.0,0.0,0.0,0.0,0.0,0.0,0.0,0.0,0.0,0.0,0.0,0.0,-9.1821870803833,0.0,0.0,0.012695820070803165,0.0,0.0,0.0,2614.46533203125,-16174.052734375,95.34398651123047,0.0,0.0,45.0,0.0,0.0
1732841051450.0,0.0,0.0,-20.0,0.0,0.0,0.0,0.0,0.0,0.0,0.0,0.0,0.0,0.0,0.0,0.0,-9.1821870803833,0.0,0.0,0.012695820070803165,0.0,0.0,0.0,2614.46533203125,-16174.052734375,95.34398651123047,0.0,0.0,45.0,0.0,0.0
1732841051466.0,0.0,0.0,-20.0,0.0,0.0,0.0,0.0,0.0,0.0,0.0,0.0,0.0,0.0,0.0,0.0,-9.16763973236084,0.0,0.0,0.008371848613023758,0.0,0.0,0.0,2610.358642578125,-16174.7177734375,62.87151336669922,0.0,0.0,45.0,0.0,0.0
1732841051516.0,0.0,0.0,-20.0,0.0,0.0,0.0,0.0,0.0,0.0,0.0,0.0,0.0,0.0,0.0,0.0,-9.158495903015137,0.0,0.0,-0.004640909377485514,0.0,0.0,0.0,2607.77734375,-16175.1328125,-34.852638244628906,0.0,0.0,45.0,0.0,0.0
1732841051533.0,0.0,0.0,-20.0,0.0,0.0,0.0,0.0,0.0,0.0,0.0,0.0,0.0,0.0,0.0,0.0,-9.163813591003418,0.0,0.0,-0.008951115421950817,0.0,0.0,0.0,2609.2783203125,-16174.890625,-67.22173309326172,0.0,0.0,45.0,0.0,0.0
1732841051550.0,0.0,0.0,-20.0,0.0,0.0,0.0,0.0,0.0,0.0,0.0,0.0,0.0,0.0,0.0,0.0,-9.174072265625,0.0,0.0,-0.013369671069085598,0.0,0.0,0.0,2612.174560546875,-16174.4248046875,-100.40452575683594,0.0,0.0,45.0,0.0,0.0
1732841051567.0,0.0,0.0,-20.0,0.0,0.0,0.0,0.0,0.0,0.0,0.0,0.0,0.0,0.0,0.0,0.0,-9.18939208984375,0.0,0.0,-0.017689460888504982,0.0,0.0,0.0,2616.4990234375,-16173.7255859375,-132.84559631347656,0.0,0.0,45.0,0.0,0.0
1732841051600.0,0.0,0.0,-20.0,0.0,0.0,0.0,0.0,0.0,0.0,0.0,0.0,0.0,0.0,0.0,0.0,-9.209662437438965,0.0,0.0,-0.02626579813659191,0.0,0.0,0.0,2622.220703125,-16172.7978515625,-197.25279235839844,0.0,0.0,45.0,0.0,0.0
1732841051616.0,0.0,0.0,-20.0,0.0,0.0,0.0,0.0,0.0,0.0,0.0,0.0,0.0,0.0,0.0,0.0,-9.239762306213379,0.0,0.0,-0.03056734800338745,0.0,0.0,0.0,2630.716796875,-16171.4189453125,-229.556884765625,0.0,0.0,45.0,0.0,0.0
1732841051633.0,0.0,0.0,-20.0,0.0,0.0,0.0,0.0,0.0,0.0,0.0,0.0,0.0,0.0,0.0,0.0,-9.274788856506348,0.0,0.0,-0.03487612307071686,0.0,0.0,0.0,2640.602294921875,-16169.806640625,-261.91522216796875,0.0,0.0,45.0,0.0,0.0
1732841051650.0,0.0,0.0,-20.0,0.0,0.0,0.0,0.0,0.0,0.0,0.0,0.0,0.0,0.0,0.0,0.0,-9.314754486083984,0.0,0.0,-0.039237819612026215,0.0,0.0,0.0,2651.88037109375,-16167.962890625,-294.6710205078125,0.0,0.0,45.0,0.0,0.0
1732841051667.0,0.0,0.0,-20.0,0.0,0.0,0.0,0.0,0.0,0.0,0.0,0.0,0.0,0.0,0.0,0.0,-9.35971736907959,0.0,0.0,-0.04349445551633835,0.0,0.0,0.0,2664.56787109375,-16165.8759765625,-326.6378173828125,0.0,0.0,45.0,0.0,0.0
1732841051700.0,0.0,0.0,-20.0,0.0,0.0,0.0,0.0,0.0,0.0,0.0,0.0,0.0,0.0,0.0,0.0,-9.40955924987793,0.0,0.0,-0.05192400887608528,0.0,0.0,0.0,2678.62939453125,-16163.5517578125,-389.94268798828125,0.0,0.0,45.0,0.0,0.0
1732841051733.0,0.0,0.0,-20.0,0.0,0.0,0.0,0.0,0.0,0.0,0.0,0.0,0.0,0.0,0.0,0.0,-9.533515930175781,0.0,0.0,-0.060389455407857895,0.0,0.0,0.0,2713.592041015625,-16157.7197265625,-453.51708984375,0.0,0.0,45.0,0.0,0.0
1732841051750.0,0.0,0.0,-20.0,0.0,0.0,0.0,0.0,0.0,0.0,0.0,0.0,0.0,0.0,0.0,0.0,-9.602716445922852,0.0,0.0,-0.06460520625114441,0.0,0.0,0.0,2733.10498046875,-16154.4306640625,-485.1768493652344,0.0,0.0,45.0,0.0,0.0
1732841051766.0,0.0,0.0,-20.0,0.0,0.0,0.0,0.0,0.0,0.0,0.0,0.0,0.0,0.0,0.0,0.0,-9.676749229431152,0.0,0.0,-0.06880288571119308,0.0,0.0,0.0,2753.976318359375,-16150.884765625,-516.7008666992188,0.0,0.0,45.0,0.0,0.0
1732841051766.0,0.0,0.0,-20.0,0.0,0.0,0.0,0.0,0.0,0.0,0.0,0.0,0.0,0.0,0.0,0.0,-9.676749229431152,0.0,0.0,-0.06880288571119308,0.0,0.0,0.0,2753.976318359375,-16150.884765625,-516.7008666992188,0.0,0.0,45.0,0.0,0.0
1732841051817.0,0.0,0.0,-20.0,0.0,0.0,0.0,0.0,0.0,0.0,0.0,0.0,0.0,0.0,0.0,0.0,-9.839290618896484,0.0,0.0,-0.08124569058418274,0.0,0.0,0.0,2799.783203125,-16143.0068359375,-610.144775390625,0.0,0.0,45.0,0.0,0.0
1732841051833.0,0.0,0.0,-20.0,0.0,0.0,0.0,0.0,0.0,0.0,0.0,0.0,0.0,0.0,0.0,0.0,-9.932391166687012,0.0,0.0,-0.08538952469825745,0.0,0.0,0.0,2826.010498046875,-16138.435546875,-641.264404296875,0.0,0.0,45.0,0.0,0.0
1732841051850.0,0.0,0.0,-20.0,0.0,0.0,0.0,0.0,0.0,0.0,0.0,0.0,0.0,0.0,0.0,0.0,-10.030240058898926,0.0,0.0,-0.08944960683584213,0.0,0.0,0.0,2853.5673828125,-16133.5859375,-671.755126953125,0.0,0.0,45.0,0.0,0.0
1732841051867.0,0.0,0.0,-20.0,0.0,0.0,0.0,0.0,0.0,0.0,0.0,0.0,0.0,0.0,0.0,0.0,-10.132742881774902,0.0,0.0,-0.0934998169541359,0.0,0.0,0.0,2882.42578125,-16128.4560546875,-702.1716918945312,0.0,0.0,45.0,0.0,0.0
1732841051883.0,0.0,0.0,-20.0,0.0,0.0,0.0,0.0,0.0,0.0,0.0,0.0,0.0,0.0,0.0,0.0,-10.239885330200195,0.0,0.0,-0.09753876179456711,0.0,0.0,0.0,2912.580810546875,-16123.037109375,-732.503662109375,0.0,0.0,45.0,0.0,0.0
1732841051917.0,0.0,0.0,-20.0,0.0,0.0,0.0,0.0,0.0,0.0,0.0,0.0,0.0,0.0,0.0,0.0,-10.351656913757324,0.0,0.0,-0.10551921278238297,0.0,0.0,0.0,2944.02783203125,-16117.3251953125,-792.435791015625,0.0,0.0,45.0,0.0,0.0
1732841051933.0,0.0,0.0,-20.0,0.0,0.0,0.0,0.0,0.0,0.0,0.0,0.0,0.0,0.0,0.0,0.0,-10.472573280334473,0.0,0.0,-0.10944432020187378,0.0,0.0,0.0,2978.034912109375,-16111.0751953125,-821.912841796875,0.0,0.0,45.0,0.0,0.0
1732841051950.0,0.0,0.0,-20.0,0.0,0.0,0.0,0.0,0.0,0.0,0.0,0.0,0.0,0.0,0.0,0.0,-10.597987174987793,0.0,0.0,-0.11336779594421387,0.0,0.0,0.0,3013.293212890625,-16104.517578125,-851.377685546875,0.0,0.0,45.0,0.0,0.0
1732841051967.0,0.0,0.0,-20.0,0.0,0.0,0.0,0.0,0.0,0.0,0.0,0.0,0.0,0.0,0.0,0.0,-10.727897644042969,0.0,0.0,-0.11724542081356049,0.0,0.0,0.0,3049.80029296875,-16097.6455078125,-880.4981079101562,0.0,0.0,45.0,0.0,0.0
1732841051984.0,0.0,0.0,-20.0,0.0,0.0,0.0,0.0,0.0,0.0,0.0,0.0,0.0,0.0,0.0,0.0,-10.862250328063965,0.0,0.0,-0.12114658206701279,0.0,0.0,0.0,3087.5390625,-16090.44921875,-909.7953491210938,0.0,0.0,45.0,0.0,0.0
1732841052017.0,0.0,0.0,-20.0,0.0,0.0,0.0,0.0,0.0,0.0,0.0,0.0,0.0,0.0,0.0,0.0,-11.001073837280273,0.0,0.0,-0.12870624661445618,0.0,0.0,0.0,3126.51611328125,-16082.919921875,-966.5674438476562,0.0,0.0,45.0,0.0,0.0
1732841052033.0,0.0,0.0,-20.0,0.0,0.0,0.0,0.0,0.0,0.0,0.0,0.0,0.0,0.0,0.0,0.0,-11.148561477661133,0.0,0.0,-0.13243339955806732,0.0,0.0,0.0,3167.905517578125,-16074.8193359375,-994.5579223632812,0.0,0.0,45.0,0.0,0.0
1732841052067.0,0.0,0.0,-20.0,0.0,0.0,0.0,0.0,0.0,0.0,0.0,0.0,0.0,0.0,0.0,0.0,-11.456305503845215,0.0,0.0,-0.13977718353271484,0.0,0.0,0.0,3254.19970703125,-16057.5732421875,-1049.708740234375,0.0,0.0,45.0,0.0,0.0
1732841052067.0,0.0,0.0,-20.0,0.0,0.0,0.0,0.0,0.0,0.0,0.0,0.0,0.0,0.0,0.0,0.0,-11.456305503845215,0.0,0.0,-0.13977718353271484,0.0,0.0,0.0,3254.19970703125,-16057.5732421875,-1049.708740234375,0.0,0.0,45.0,0.0,0.0
1732841052083.0,0.0,0.0,-20.0,0.0,0.0,0.0,0.0,0.0,0.0,0.0,0.0,0.0,0.0,0.0,0.0,-11.61647891998291,0.0,0.0,-0.14341822266578674,0.0,0.0,0.0,3299.076904296875,-16048.4130859375,-1077.052490234375,0.0,0.0,45.0,0.0,0.0
1732841052117.0,0.0,0.0,-20.0,0.0,0.0,0.0,0.0,0.0,0.0,0.0,0.0,0.0,0.0,0.0,0.0,-11.780821800231934,0.0,0.0,-0.15056604146957397,0.0,0.0,0.0,3345.094970703125,-16038.8837890625,-1130.731689453125,0.0,0.0,45.0,0.0,0.0
1732841052150.0,0.0,0.0,-20.0,0.0,0.0,0.0,0.0,0.0,0.0,0.0,0.0,0.0,0.0,0.0,0.0,-12.129894256591797,0.0,0.0,-0.1575208604335785,0.0,0.0,0.0,3442.748779296875,-16018.2060546875,-1182.9615478515625,0.0,0.0,45.0,0.0,0.0
1732841052167.0,0.0,0.0,-20.0,0.0,0.0,0.0,0.0,0.0,0.0,0.0,0.0,0.0,0.0,0.0,0.0,-12.31040096282959,0.0,0.0,-0.16095204651355743,0.0,0.0,0.0,3493.196044921875,-16007.28125,-1208.7293701171875,0.0,0.0,45.0,0.0,0.0
1732841052167.0,0.0,0.0,-20.0,0.0,0.0,0.0,0.0,0.0,0.0,0.0,0.0,0.0,0.0,0.0,0.0,-12.31040096282959,0.0,0.0,-0.16095204651355743,0.0,0.0,0.0,3493.196044921875,-16007.28125,-1208.7293701171875,0.0,0.0,45.0,0.0,0.0
1732841052184.0,0.0,0.0,-20.0,0.0,0.0,0.0,0.0,0.0,0.0,0.0,0.0,0.0,0.0,0.0,0.0,-12.494837760925293,0.0,0.0,-0.16433821618556976,0.0,0.0,0.0,3544.70556640625,-15995.9541015625,-1234.1590576171875,0.0,0.0,45.0,0.0,0.0
1732841052234.0,0.0,0.0,-20.0,0.0,0.0,0.0,0.0,0.0,0.0,0.0,0.0,0.0,0.0,0.0,0.0,-12.879129409790039,0.0,0.0,-0.1742054671049118,0.0,0.0,0.0,3651.911865234375,-15971.818359375,-1308.2608642578125,0.0,0.0,45.0,0.0,0.0
1732841052250.0,0.0,0.0,-20.0,0.0,0.0,0.0,0.0,0.0,0.0,0.0,0.0,0.0,0.0,0.0,0.0,-13.078754425048828,0.0,0.0,-0.17741400003433228,0.0,0.0,0.0,3707.53759765625,-15958.998046875,-1332.3564453125,0.0,0.0,45.0,0.0,0.0
1732841052267.0,0.0,0.0,-20.0,0.0,0.0,0.0,0.0,0.0,0.0,0.0,0.0,0.0,0.0,0.0,0.0,-13.28205680847168,0.0,0.0,-0.1805383712053299,0.0,0.0,0.0,3764.1416015625,-15945.7421875,-1355.820068359375,0.0,0.0,45.0,0.0,0.0
1732841052267.0,0.0,0.0,-20.0,0.0,0.0,0.0,0.0,0.0,0.0,0.0,0.0,0.0,0.0,0.0,0.0,-13.28205680847168,0.0,0.0,-0.1805383712053299,0.0,0.0,0.0,3764.1416015625,-15945.7421875,-1355.820068359375,0.0,0.0,45.0,0.0,0.0
1732841052317.0,0.0,0.0,-20.0,0.0,0.0,0.0,0.0,0.0,0.0,0.0,0.0,0.0,0.0,0.0,0.0,-13.699317932128906,0.0,0.0,-0.1896420568227768,0.0,0.0,0.0,3880.166748046875,-15917.9072265625,-1424.1876220703125,0.0,0.0,45.0,0.0,0.0
1732841052334.0,0.0,0.0,-20.0,0.0,0.0,0.0,0.0,0.0,0.0,0.0,0.0,0.0,0.0,0.0,0.0,-13.916631698608398,0.0,0.0,-0.1925617754459381,0.0,0.0,0.0,3940.512939453125,-15903.0751953125,-1446.1143798828125,0.0,0.0,45.0,0.0,0.0
1732841052350.0,0.0,0.0,-20.0,0.0,0.0,0.0,0.0,0.0,0.0,0.0,0.0,0.0,0.0,0.0,0.0,-14.13729190826416,0.0,0.0,-0.1954597532749176,0.0,0.0,0.0,4001.72998046875,-15887.783203125,-1467.8778076171875,0.0,0.0,45.0,0.0,0.0
1732841052367.0,0.0,0.0,-20.0,0.0,0.0,0.0,0.0,0.0,0.0,0.0,0.0,0.0,0.0,0.0,0.0,-14.361271858215332,0.0,0.0,-0.1982719600200653,0.0,0.0,0.0,4063.807373046875,-15872.015625,-1488.9970703125,0.0,0.0,45.0,0.0,0.0
1732841052384.0,0.0,0.0,-20.0,0.0,0.0,0.0,0.0,0.0,0.0,0.0,0.0,0.0,0.0,0.0,0.0,-14.588473320007324,0.0,0.0,-0.20102949440479279,0.0,0.0,0.0,4126.71484375,-15855.7783203125,-1509.705810546875,0.0,0.0,45.0,0.0,0.0
1732841052417.0,0.0,0.0,-20.0,0.0,0.0,0.0,0.0,0.0,0.0,0.0,0.0,0.0,0.0,0.0,0.0,-14.818838119506836,0.0,0.0,-0.20644499361515045,0.0,0.0,0.0,4190.431640625,-15839.056640625,-1550.37548828125,0.0,0.0,45.0,0.0,0.0
1732841052434.0,0.0,0.0,-20.0,0.0,0.0,0.0,0.0,0.0,0.0,0.0,0.0,0.0,0.0,0.0,0.0,-15.055407524108887,0.0,0.0,-0.2090420424938202,0.0,0.0,0.0,4255.79345703125,-15821.62109375,-1569.8790283203125,0.0,0.0,45.0,0.0,0.0
1732841052450.0,0.0,0.0,-20.0,0.0,0.0,0.0,0.0,0.0,0.0,0.0,0.0,0.0,0.0,0.0,0.0,-15.294955253601074,0.0,0.0,-0.21156267821788788,0.0,0.0,0.0,4321.90478515625,-15803.689453125,-1588.8087158203125,0.0,0.0,45.0,0.0,0.0
1732841052467.0,0.0,0.0,-20.0,0.0,0.0,0.0,0.0,0.0,0.0,0.0,0.0,0.0,0.0,0.0,0.0,-15.53738784790039,0.0,0.0,-0.21406133472919464,0.0,0.0,0.0,4388.73486328125,-15785.26171875,-1607.5732421875,0.0,0.0,45.0,0.0,0.0
1732841052484.0,0.0,0.0,-20.0,0.0,0.0,0.0,0.0,0.0,0.0,0.0,0.0,0.0,0.0,0.0,0.0,-15.782684326171875,0.0,0.0,-0.21647341549396515,0.0,0.0,0.0,4456.275390625,-15766.3271484375,-1625.687744140625,0.0,0.0,45.0,0.0,0.0
1732841052517.0,0.0,0.0,-20.0,0.0,0.0,0.0,0.0,0.0,0.0,0.0,0.0,0.0,0.0,0.0,0.0,-16.030744552612305,0.0,0.0,-0.22114290297031403,0.0,0.0,0.0,4524.4931640625,-15746.8857421875,-1660.7550048828125,0.0,0.0,45.0,0.0,0.0
1732841052534.0,0.0,0.0,-20.0,0.0,0.0,0.0,0.0,0.0,0.0,0.0,0.0,0.0,0.0,0.0,0.0,-16.28415870666504,0.0,0.0,-0.22335723042488098,0.0,0.0,0.0,4594.095703125,-15726.720703125,-1677.38427734375,0.0,0.0,45.0,0.0,0.0
1732841052567.0,0.0,0.0,-20.0,0.0,0.0,0.0,0.0,0.0,0.0,0.0,0.0,0.0,0.0,0.0,0.0,-16.79855728149414,0.0,0.0,-0.22767199575901031,0.0,0.0,0.0,4735.10205078125,-15684.8408203125,-1709.78759765625,0.0,0.0,45.0,0.0,0.0
1732841052567.0,0.0,0.0,-20.0,0.0,0.0,0.0,0.0,0.0,0.0,0.0,0.0,0.0,0.0,0.0,0.0,-16.79855728149414,0.0,0.0,-0.22767199575901031,0.0,0.0,0.0,4735.10205078125,-15684.8408203125,-1709.78759765625,0.0,0.0,45.0,0.0,0.0
